{"cameraMode":{"drawMode":31,"name":"Sprite Mask","section":"Miscellaneous"},"sceneLighting":false,"audioPlay":false,"sceneViewState":{"showFog":true,"showMaterialUpdate":false,"showSkybox":true,"showFlares":true,"showImageEffects":true,"showParticleSystems":true},"in2DMode":false,"pivot":{"x":-4.212380409240723,"y":-2.8416967391967775,"z":0.7238122224807739},"rotation":{"x":-0.17012570798397065,"y":0.6572452187538147,"z":-0.1558387130498886,"w":-0.7174994945526123},"size":11.093010902404786,"orthographic":false}