{"cameraMode":{"drawMode":0,"name":"Shaded","section":"Shading Mode"},"sceneLighting":true,"audioPlay":false,"sceneViewState":{"showFog":true,"showMaterialUpdate":false,"showSkybox":true,"showFlares":true,"showImageEffects":true,"showParticleSystems":true},"in2DMode":false,"pivot":{"x":-1.5156755447387696,"y":0.9465498924255371,"z":0.10263919830322266},"rotation":{"x":0.31714409589767458,"y":0.297645628452301,"z":-0.10557008534669876,"w":0.8942610025405884},"size":4.478978157043457,"orthographic":false}