{"cameraMode":{"drawMode":0,"name":"Shaded","section":"Shading Mode"},"sceneLighting":true,"audioPlay":false,"sceneViewState":{"showFog":true,"showMaterialUpdate":false,"showSkybox":true,"showFlares":true,"showImageEffects":true,"showParticleSystems":true},"in2DMode":false,"pivot":{"x":23.272371292114259,"y":6.258187294006348,"z":14.836968421936036},"rotation":{"x":-0.14107011258602143,"y":0.7867972254753113,"z":-0.19529762864112855,"w":-0.5682727098464966},"size":10.50986099243164,"orthographic":false}